anxiety,An unpleasant state of mental uneasiness, nervousness, apprehension and obsession or concern about some uncertain event.; An uneasy or distressing desire (for something).; A state of restlessness and agitation, often accompanied by a distressing sense of oppression or tightness in the stomach.
advisor,One who offers advice.
salt,A common substance, chemically consisting mainly of sodium chloride (NaCl), used extensively as a condiment and preservative.; One of the compounds formed from the reaction of an acid with a base, where a positive ion replaces a hydrogen of the acid.; A salt marsh, a saline marsh at the shore of a sea.
layer,A single thickness of some material covering a surface.; A (usually) horizontal deposit; a stratum.; One of the items in a hierarchy.
click,A brief, sharp, not particularly loud, relatively high-pitched sound produced by the impact of something small and hard against something hard, such as by the operation of a switch, a lock or a latch, or a finger pressed against the thumb and then released to strike the hand.; An ingressive sound made by coarticulating a velar or uvular closure with another closure.; Sound made by a dolphin.
adulthood,The state or condition of a human being once it has reached physical maturity, and is presumed to have reached a state of psychological maturity, to wit: once it has become an adult.; The time period of a human being's majority; the time during which a human being has reached physical maturity, and ending with its death.
exist,(stative) to be; have existence; have being or reality
crown,A royal, imperial or princely headdress; a diadem.; A wreath or band for the head, especially one given as reward of victory or a mark of honor.; (by extension) Any reward of victory or mark of honor.
associate,A person united with another or others in an act, enterprise, or business; a partner.; Somebody with whom one works, coworker, colleague.; A companion; a comrade.
fertiliser,A natural substance that is used to make the ground more suitable for growing plants.; A chemical compound created to have the same effect.
parliament,A formal council summoned (especially by a monarch) to discuss important issues.; In many countries, the legislative branch of government, a deliberative assembly or set of assemblies whose elected or appointed members meet to debate the major political issues of the day, make, amend, and repeal laws, authorize the executive branch of government to spend money, and in some cases exercise judicial powers; a legislature.; A particular assembly of the members of such a legislature, as convened for a specific purpose or period of time (commonly designated with an ordinal number – for example, first parliament or 12th parliament – or a descriptive adjective – for example, Long Parliament, Short Parliament and Rump Parliament).
comparison,The act of comparing or the state or process of being compared.; An evaluation of the similarities and differences of one or more things relative to some other or each-other.; With a negation, the state of being similar or alike.
promote,To raise (someone) to a more important, responsible, or remunerative job or rank.; To advocate or urge on behalf of (something or someone); to attempt to popularize or sell by means of advertising or publicity.; To encourage, urge or incite.
branch,The woody part of a tree arising from the trunk and usually dividing.; Any of the parts of something that divides like the branch of a tree.; A creek or stream which flows into a larger river. (compare Ohio, Pennsylvania and West Virginia run, and New York and New England brook.)
urban,Related to the (or any) city.; Characteristic of city life.; Relating to contemporary African American culture.
themselves,The reflexive case of they, the third-person plural personal pronoun. The group of people, animals or objects previously mentioned, as the object of a verb or following a preposition (also used for emphasis).; The reflexive case of they, the third-person singular personal pronoun. The single person previously mentioned, as the object of a verb or following a preposition (also used for emphasis).
directly,In a direct manner; in a straight line or course.; In a straightforward way; without anything intervening; not by secondary, but by direct means.; Plainly, without circumlocution or ambiguity; absolutely; in express terms.
pursue,To follow urgently, originally with intent to capture or harm; to chase.; To follow, travel down (a particular way, course of action etc.).; To aim for, go after (a specified objective, situation etc.).
struggle,A contortion of the body in an attempt to escape or to perform a difficult task.; Strife, contention, great effort.; To strive, to labour in difficulty, to fight (for or against), to contend.
identification,The act of identifying, or proving to be the same.; The state of being identified.; A particular instance of identifying something.
unlike,Something that is not like something else; something different.; Not like; dissimilar (to); having no resemblance.; Unequal.
legal,The legal department of a company.; Paper in sheets 8½ in × 14 in (215.9 mm × 355.6 mm).; A spy who is attached to, and ostensibly employed by, an embassy, military outpost, etc.
excellence,The quality of being excellent; brilliance; Something in which one excels.; An excellent or valuable quality; something at which any someone excels; a virtue.
dip,A lower section of a road or geological feature.; Inclination downward; direction below a horizontal line; slope; pitch.; The action of dipping or plunging for a moment into a liquid.
tense,(grammar) Any of the forms of a verb which distinguish when an action or state of being occurs or exists.; (grammar) An inflected form of a verb that indicates tense.; The property of indicating the point in time at which an action or state of being occurs or exists.
validate,To render valid.; To check or prove the validity of; verify.; To have its validity successfully proven.
timetable,A tabular schedule of events with the times at which they occur, especially times of arrivals and departures; To arrange a specific time for (an event, a class, etc).
whereas,A clause, as in legal documents, stating whereas.; Where (that).; In contrast; whilst on the contrary; although.
supervisor,A person with the official task of overseeing the work of a person or group, or of other operations and activities.; A person who monitors someone to make sure they comply with rules or other requirements set for them.; In certain states, an elected member of the governing body for a county which is called the board of supervisors.
mainly,Forcefully, vigorously.; Of the production of a sound: loudly, powerfully.; To a great degree; very much.
print,Books and other material created by printing presses, considered collectively or as a medium.; Clear handwriting, especially, writing without connected letters as in cursive.; The letters forming the text of a document.
traveller,A member of a particular nomadic ethnic minority in Ireland, the Pavee.; One who travels, especially to distant lands.; A salesman who travels from place to place on behalf of a company.
appreciate,To be grateful or thankful for.; To view as valuable.; To be fully conscious of; understand; be aware of; detect.
vitamin,Any of a specific group of organic compounds essential in small quantities for healthy human growth, metabolism, development, and body function; found in minute amounts in plant and animal foods or sometimes produced synthetically; deficiencies of specific vitamins produce specific disorders.
quantitative,Of a measurement based on some quantity or number rather than on some quality; Of a form of analysis that determines the amount of some element or compound in a sample
literature,The body of all written works.; The collected creative writing of a nation, people, group or culture.; (usually preceded by the) All the papers, treatises etc. published in academic journals on a particular subject.
publish,To issue (something, such as printed work) for distribution and/or sale.; To announce to the public.; To issue the work of (an author).
sympathy,A feeling of pity or sorrow for the suffering or distress of another; compassion.; The ability to share the feelings of another.; A mutual relationship between people or things such that they are correspondingly affected by any condition.
political,A political agent or officer.; A publication focusing on politics.; Concerning or relating to politics, the art and process of governing.
carbohydrate,(nutrition) A sugar, starch, or cellulose that is a food source of energy for an animal or plant.; (by extension, metonym) Any food rich in starch or other carbohydrates.
participant,One who participates.; Sharing; participating; having a share of part.
neuroscience,The scientific study of the nervous system.
deliver,To set free from restraint or danger.; (process) To do with birth.; To free from or disburden of anything.
discount,A reduction in price.; A deduction made for interest, in advancing money upon, or purchasing, a bill or note not due; payment in advance of interest upon money.; The rate of interest charged in discounting.
within,In the context of which the present document or ruling is made.; In or into the interior; inside.; In the inner part, spatially; physically inside.
incorporate,To include (something) as a part.; To mix (something in) as an ingredient; to blend; To admit as a member of a company
movement,Physical motion between points in space.; A system or mechanism for transmitting motion of a definite character, or for transforming motion, such as the wheelwork of a watch.; The impression of motion in an artwork, painting, novel etc.
fellow,A colleague or partner.; A companion; a comrade.; A man without good breeding or worth; an ignoble or mean man.
accommodation,(usually a mass noun) Lodging in a dwelling or similar living quarters afforded to travellers in hotels or on cruise ships, or prisoners, etc.; (physical) Adaptation or adjustment.; (personal) Adaptation or adjustment.
advise,To give advice to; to offer an opinion to, as worthy or expedient to be followed.; To recommend; to offer as advice.; To give information or notice to; to inform or counsel; — with of before the thing communicated.
contribute,To give something that is or becomes part of a larger whole.
variable,Something that is variable.; Something whose value may be dictated or discovered.; A quantity that may assume any one of a set of values.
solar,Of or pertaining to the sun; proceeding from the sun; Born under the predominant influence of the sun.; Measured by the progress or revolution of the sun in the ecliptic; as, the solar year.
midday,Noon; twelve o'clock during the day
critically,In a critical manner; with, or in terms of, criticism.; With close discernment; accurately; exactly.; At a crisis or critical time; in a situation, place, or condition of decisive consequence.
greatly,To a great extent or degree.; Nobly; magnanimously.
velocity,A vector quantity that denotes the rate of change of position with respect to time, or a speed with the directional component.; Rapidity of motion.; The rate of occurrence.
cyclone,(broad sense) A weather phenomenon consisting of a system of winds rotating around a center of low atmospheric pressure; (narrow sense) Such weather phenomenon occurring in the South Pacific and Indian Ocean; A low pressure system.
calculation,The act or process of calculating.; The result of calculating.; Reckoning, estimate.
textile,(usually in the plural) Any material made of interlacing fibres, including carpeting and geotextiles.; (naturism) A non-nudist.; (naturism) Clothing compulsive.
propose,An objective or aim.; To suggest a plan, course of action, etc.; (sometimes followed by to) To ask for a person's hand in marriage.
outlet,A vent or similar passage to allow the escape of something.; Something which allows for the release of one's desires.; A river that runs out of a lake.
aquatic,Any aquatic plant.; Relating to water; living in or near water, taking place in water.
pure,One who, or that which, is pure.; To hit (the ball) completely cleanly and accurately; To cleanse; to refine.
moisture,That which moistens or makes damp or wet; exuding fluid; liquid in small quantity.; The state of being moist.; Skin moisture noted as dry, moist, clammy, or diaphoretic as part of the skin signs assessment.
designer,A person who designs something, or who designs things as a profession.; A plotter or schemer.; A software tool for designing things.
politician,One engaged in politics, especially an elected or appointed government official.; Specifically, one who regards elected political office as a career.; A politically active or interested person.
uncertainty,Doubt; the condition of being uncertain or without conviction.; Something uncertain or ambiguous.; A parameter that measures the dispersion of a range of measured values.
coursework,Work carried out by students of a particular course; it is assessed and counts towards the grade given.
responsibility,The state of being responsible, accountable, or answerable.; The state of being liable, culpable, or responsible for something in particular.; A duty, obligation or liability for which someone is held accountable.
consumer,One who, or that which, consumes.; Someone who trades money for goods or services as an individual.; (by extension) The consumer base of a product, service or business.
content,(except in phrases) Satisfaction, contentment; pleasure.; To give contentment or satisfaction; to satisfy; to make happy.; To satisfy the expectations of; to pay; to requite
ingredient,One of the substances present in a mixture, especially food.
elephant,A mammal of the order Proboscidea, having a trunk, and two large ivory tusks jutting from the upper jaw.; Anything huge and ponderous.; Used when counting to add length, so that each count takes about one second
dioxide,Any oxide containing two oxygen atoms in each molecule.
thorough,A furrow between two ridges, to drain off the surface water.; Painstaking and careful not to miss or omit any detail.; Utter; complete; absolute.
calculate,To determine the value of something or the solution to something by a mathematical process.; To determine values or solutions by a mathematical process; reckon.; To plan; to expect; to think.
provider,One who, or that which, provides a service, commodity, or the means for subsistence.
legume,The fruit or seed of leguminous plants (as peas or beans) used for food.; Any of a large family (Fabaceae, syn. Leguminosae) of dicotyledonous herbs, shrubs, and trees having fruits that are legumes or loments, bearing nodules on the roots that contain nitrogen-fixing bacteria, and including important food and forage plants (as peas, beans, or clovers).; A pod dehiscent into two pieces or valves, and having the seed attached at one suture, as that of the pea.
per,For each.; To each, in each (used in expressing ratios of units).; By the, by means of the, via the, through the.
evolution,A change of position.; An unfolding.; Process of development.
elderly,An elderly person; (the elderly) older people as a whole; Old; having lived for relatively many years.
classical,One that is classical in some way; for example, a classical economist.; Of or relating to the first class or rank, especially in literature or art.; Of or pertaining to established principles in a discipline.
contact,The act of touching physically; being in close association.; The establishment of communication (with).; A nodule designed to connect a device with something else.
choir,Singing group; group of people who sing together; company of people who are trained to sing together.; The part of a church where the choir assembles for song.; (Christian angelology) One of the nine ranks or orders of angels.
guest,A recipient of hospitality, specifically someone staying by invitation at the house of another.; A patron or customer in a hotel etc.; An invited visitor or performer to an institution or to a broadcast.
addiction,A state that is characterized by compulsive drug use or compulsive engagement in rewarding behavior, despite negative consequences.; The state of being addicted; devotion; inclination.; A habit or practice that damages, jeopardizes or shortens one's life but when ceased causes trauma.
originate,To cause to be, to bring into existence; to produce, initiate.; To come into existence; to have origin or beginning; to spring, be derived (from, with).
risky,Dangerous, involving risks.
atmosphere,The gases surrounding the Earth or any astronomical body.; The air in a particular place.; The apparent mood felt in an environment.
extrapolate,To infer by extending known information.; To estimate the value of a variable outside a known range from values within that range by assuming that the estimated value follows logically from the known ones
investigate,To inquire into or study in order to ascertain facts or information.; To examine, look into, or scrutinize in order to discover something hidden or secret.; To conduct an inquiry or examination.
assembly,A set of pieces that work together in unison as a mechanism or device.; The act of putting together a set of pieces, fragments, or elements.; A congregation of people in one place for a purpose.
inhabitant,Someone or thing who lives in a place.; Resident.
positive,A thing capable of being affirmed; something real or actual.; A favourable point or characteristic.; Something having a positive value in physics, such as an electric charge.
cafeteria,A restaurant in which customers select their food at a counter then carry it on a tray to a table to eat; A dining area in an institution where meals may be purchased (as above), provided, or brought in from elsewhere
nutrition,The organic process by which an organism assimilates food and uses it for growth and maintenance.; That which nourishes; nutriment.
dependant,A person who depends on another for support, particularly financial support (= US dependent).; Relying upon; depending upon.; Having a probability that is affected by the outcome of a separate event.
financially,In terms of finance or money.
lab,A laboratory.; (chiefly in the plural) Laboratory experiment, test, investigation or result.; A Labrador retriever.
